{"stats":{"minecraft:mined":{"minecraft:stone_pressure_plate":1,"minecraft:spruce_planks":1,"minecraft:grass_block":3,"minecraft:sandstone":5,"minecraft:hay_block":38,"decocraft:stuffed_creeper":1,"minecraft:magma_block":2,"minecraft:fire":9,"minecraft:dark_oak_stairs":1,"astralsorcery:marble_chiseled":1,"astralsorcery:marble_pillar":2,"minecraft:stone":1,"minecraft:cut_sandstone":9,"minecraft:soul_sand":2,"minecraft:kelp_plant":9,"minecraft:orange_terracotta":2,"minecraft:cornflower":3,"dynamictrees:acacia_leaves":2,"minecraft:chest":4,"minecraft:dead_bush":4,"minecraft:tall_grass":21,"minecraft:sugar_cane":9,"minecraft:lime_bed":2,"minecraft:cactus":1,"minecraft:blue_terracotta":1,"minecraft:tnt":11,"astralsorcery:marble_raw":5,"minecraft:grass":75,"dynamictrees:acacia_sapling":1,"minecraft:sand":39,"minecraft:netherrack":12},"minecraft:dropped":{"minecraft:bread":2,"minecraft:dark_oak_stairs":1,"minecraft:wheat_seeds":3,"astralsorcery:marble_arch":1,"minecraft:light_weighted_pressure_plate":1,"minecraft:flint":1,"minecraft:dirt":112,"tombstone:grave_key":1,"tombstone:grave_dust":4,"minecraft:sand":128,"minecraft:cactus":2,"dynamictrees:acacia_seed":14,"minecraft:blue_terracotta":1,"blockarmor:command_block_helmet":1,"blockarmor:command_block_chestplate":1,"blockarmor:command_block_boots":1,"minecraft:rabbit_foot":2,"blockarmor:command_block_leggings":1,"minecraft:leather_chestplate":1,"minecraft:andesite":16,"minecraft:leather_leggings":1,"minecraft:stone_pressure_plate":1,"minecraft:sandstone":30,"minecraft:arrow":1,"minecraft:wooden_pickaxe":2,"minecraft:netherrack":1,"iceandfire:manuscript":2},"minecraft:custom":{"minecraft:mob_kills":18,"minecraft:interact_with_crafting_table":12,"minecraft:bell_ring":1,"minecraft:leave_game":5,"minecraft:time_since_death":15874,"minecraft:sprint_one_cm":169662,"minecraft:walk_one_cm":121840,"minecraft:drop":33,"minecraft:talked_to_villager":2,"minecraft:deaths":6,"minecraft:sneak_time":1247,"minecraft:walk_under_water_one_cm":4528,"tombstone:tomb_raiding":3,"minecraft:jump":1581,"minecraft:walk_on_water_one_cm":10362,"minecraft:interact_with_cartography_table":1,"minecraft:play_one_minute":59828,"minecraft:sleep_in_bed":2,"minecraft:time_since_rest":15593,"minecraft:damage_taken":4976,"minecraft:damage_absorbed":80,"minecraft:damage_dealt":8113,"minecraft:swim_one_cm":25975,"minecraft:fly_one_cm":487229,"minecraft:player_kills":6,"minecraft:open_chest":10,"minecraft:crouch_one_cm":1432,"tombstone:undead_killed":4,"minecraft:fall_one_cm":49438},"minecraft:broken":{"minecraft:golden_pickaxe":1},"minecraft:killed":{"iceandfire:hippogryph":3,"minecraft:spider":2,"minecraft:skeleton":1,"iceandfire:fire_dragon":1,"minecraft:llama":1,"minecraft:rabbit":2,"minecraft:creeper":4,"minecraft:sheep":1,"minecraft:zombie":3},"minecraft:picked_up":{"minecraft:wheat":8,"minecraft:wooden_pickaxe":1,"minecraft:cornflower":3,"iceandfire:manuscript":2,"minecraft:string":4,"minecraft:iron_axe":1,"minecraft:flint_and_steel":1,"minecraft:light_weighted_pressure_plate":1,"minecraft:iron_nugget":4,"minecraft:light_gray_wool":1,"minecraft:enchanted_golden_apple":1,"astralsorcery:marble_raw":4,"minecraft:chest":8,"minecraft:sugar_cane":22,"minecraft:stick":69,"minecraft:sandstone":14,"minecraft:acacia_log":11,"tombstone:grave_dust":10,"minecraft:stone_pressure_plate":1,"minecraft:rabbit_foot":3,"minecraft:tnt":14,"minecraft:arrow":1,"iceandfire:silver_ingot":6,"minecraft:cactus":8,"minecraft:rotten_flesh":32,"mowziesmobs:earthbore_gauntlet":1,"minecraft:hay_block":38,"iceandfire:spawn_egg_fire_dragon":1,"minecraft:mutton":2,"minecraft:cobblestone":99,"minecraft:lime_bed":2,"blockarmor:command_block_helmet":1,"minecraft:andesite":32,"minecraft:cut_sandstone":7,"minecraft:leather":4,"minecraft:gunpowder":24,"minecraft:wither_skeleton_skull":1,"blockarmor:command_block_boots":1,"minecraft:dirt":129,"minecraft:orange_terracotta":2,"minecraft:bone":26,"minecraft:acacia_planks":64,"minecraft:kelp":11,"minecraft:wheat_seeds":9,"minecraft:rabbit_hide":1,"minecraft:iron_ingot":4,"minecraft:rabbit":2,"minecraft:glowstone_dust":1,"minecraft:dark_oak_stairs":1,"astralsorcery:constellation_paper":1,"iceandfire:dragon_skull_fire":1,"minecraft:sand":95,"dynamictrees:acacia_seed":27,"mowziesmobs:wrought_helmet":1,"minecraft:spider_eye":2,"astralsorcery:tome":1,"minecraft:blue_terracotta":1,"minecraft:granite":16,"minecraft:golden_apple":2,"minecraft:emerald":3,"minecraft:bread":76,"blockarmor:command_block_chestplate":1,"minecraft:netherrack":9},"minecraft:crafted":{"minecraft:iron_axe":1,"minecraft:wheat":320,"minecraft:crafting_table":2,"minecraft:wooden_pickaxe":1,"minecraft:bread":108,"iceandfire:armor_silver_metal_helmet":1,"minecraft:iron_chestplate":1,"minecraft:shield":1,"minecraft:iron_pickaxe":1,"minecraft:iron_ingot":4,"minecraft:acacia_planks":44},"minecraft:killed_by":{"minecraft:husk":2,"minecraft:player":2,"iceandfire:hippogryph":1,"iceandfire:fire_dragon":1},"minecraft:used":{"minecraft:flint_and_steel":27,"minecraft:netherrack":8,"iceandfire:spawn_egg_fire_dragon":1,"minecraft:iron_axe":80,"minecraft:light_weighted_pressure_plate":1,"tombstone:gift":2,"minecraft:orange_terracotta":2,"minecraft:wither_skeleton_skull":1,"minecraft:cactus":1,"minecraft:wooden_pickaxe":16,"minecraft:cut_sandstone":7,"minecraft:golden_apple":2,"minecraft:sand":7,"minecraft:crafting_table":2,"minecraft:tnt":11,"minecraft:lime_bed":2,"astralsorcery:marble_raw":4,"minecraft:cornflower":2,"minecraft:bread":16,"minecraft:iron_pickaxe":34,"witherstormmod:super_tnt":7,"dynamictrees:acacia_seed":1,"minecraft:cobblestone":1,"iceandfire:dragon_skull_fire":1,"minecraft:kelp":8,"minecraft:golden_pickaxe":26}},"DataVersion":2586}