{"stats":{"minecraft:mined":{"minecraft:cut_sandstone":9,"minecraft:spruce_planks":1,"minecraft:stone_pressure_plate":1,"minecraft:kelp_plant":9,"minecraft:orange_terracotta":2,"minecraft:cornflower":3,"dynamictrees:acacia_leaves":2,"minecraft:grass_block":3,"minecraft:chest":4,"minecraft:dead_bush":4,"minecraft:tall_grass":21,"minecraft:sugar_cane":4,"minecraft:sandstone":5,"decocraft:stuffed_creeper":1,"minecraft:lime_bed":2,"minecraft:hay_block":38,"minecraft:cactus":1,"minecraft:magma_block":2,"minecraft:blue_terracotta":1,"minecraft:fire":9,"minecraft:dark_oak_stairs":1,"minecraft:tnt":11,"astralsorcery:marble_raw":5,"minecraft:grass":75,"dynamictrees:acacia_sapling":1,"minecraft:sand":39,"astralsorcery:marble_chiseled":1,"astralsorcery:marble_pillar":2,"minecraft:stone":1,"minecraft:netherrack":12},"minecraft:dropped":{"minecraft:bread":2,"minecraft:blue_terracotta":1,"minecraft:dark_oak_stairs":1,"minecraft:wheat_seeds":3,"astralsorcery:marble_arch":1,"minecraft:light_weighted_pressure_plate":1,"minecraft:flint":1,"minecraft:leather_chestplate":1,"minecraft:dirt":112,"tombstone:grave_key":1,"minecraft:leather_leggings":1,"minecraft:stone_pressure_plate":1,"minecraft:sandstone":30,"minecraft:sand":128,"minecraft:arrow":1,"minecraft:wooden_pickaxe":2,"dynamictrees:acacia_seed":14,"minecraft:netherrack":1,"iceandfire:manuscript":2},"minecraft:custom":{"minecraft:mob_kills":15,"minecraft:interact_with_crafting_table":10,"minecraft:interact_with_cartography_table":1,"minecraft:play_one_minute":48835,"minecraft:bell_ring":1,"minecraft:leave_game":1,"minecraft:time_since_death":4881,"minecraft:sleep_in_bed":2,"minecraft:damage_absorbed":80,"minecraft:time_since_rest":4600,"minecraft:sprint_one_cm":152708,"minecraft:damage_taken":4969,"minecraft:walk_one_cm":106427,"minecraft:drop":24,"minecraft:damage_dealt":7573,"minecraft:swim_one_cm":25975,"minecraft:talked_to_villager":2,"minecraft:fly_one_cm":348046,"minecraft:player_kills":5,"minecraft:open_chest":10,"minecraft:crouch_one_cm":1290,"tombstone:undead_killed":4,"minecraft:deaths":6,"minecraft:sneak_time":678,"minecraft:walk_under_water_one_cm":4528,"tombstone:tomb_raiding":3,"minecraft:jump":1449,"minecraft:walk_on_water_one_cm":9515,"minecraft:fall_one_cm":46547},"minecraft:broken":{"minecraft:golden_pickaxe":1},"minecraft:killed":{"iceandfire:hippogryph":3,"minecraft:rabbit":2,"minecraft:spider":2,"minecraft:creeper":2,"minecraft:skeleton":1,"iceandfire:fire_dragon":1,"minecraft:zombie":3,"minecraft:llama":1},"minecraft:picked_up":{"minecraft:lime_bed":2,"minecraft:wheat":8,"minecraft:leather":4,"minecraft:cut_sandstone":7,"minecraft:wooden_pickaxe":1,"minecraft:gunpowder":24,"iceandfire:manuscript":2,"minecraft:cornflower":3,"minecraft:string":4,"minecraft:dirt":129,"minecraft:iron_axe":1,"minecraft:flint_and_steel":1,"minecraft:orange_terracotta":2,"minecraft:bone":26,"minecraft:acacia_planks":64,"minecraft:kelp":11,"minecraft:wheat_seeds":9,"minecraft:rabbit_hide":1,"minecraft:light_weighted_pressure_plate":1,"minecraft:iron_ingot":4,"minecraft:iron_nugget":4,"minecraft:enchanted_golden_apple":1,"minecraft:rabbit":2,"minecraft:glowstone_dust":1,"astralsorcery:marble_raw":4,"minecraft:sugar_cane":10,"minecraft:chest":8,"minecraft:dark_oak_stairs":1,"minecraft:stick":69,"minecraft:sandstone":14,"astralsorcery:constellation_paper":1,"minecraft:acacia_log":11,"iceandfire:dragon_skull_fire":1,"minecraft:sand":92,"dynamictrees:acacia_seed":27,"tombstone:grave_dust":6,"minecraft:rabbit_foot":1,"minecraft:spider_eye":2,"minecraft:stone_pressure_plate":1,"astralsorcery:tome":1,"minecraft:tnt":14,"iceandfire:silver_ingot":6,"minecraft:arrow":1,"minecraft:cactus":6,"minecraft:blue_terracotta":1,"minecraft:rotten_flesh":32,"minecraft:hay_block":38,"minecraft:golden_apple":2,"minecraft:bread":76,"minecraft:emerald":3,"iceandfire:spawn_egg_fire_dragon":1,"minecraft:netherrack":9,"minecraft:cobblestone":1},"minecraft:crafted":{"minecraft:crafting_table":1,"minecraft:wooden_pickaxe":1,"minecraft:bread":108,"minecraft:shield":1,"minecraft:iron_axe":1,"minecraft:iron_ingot":4,"minecraft:iron_pickaxe":1,"minecraft:acacia_planks":44,"minecraft:wheat":320},"minecraft:killed_by":{"minecraft:husk":2,"minecraft:player":2,"iceandfire:fire_dragon":1,"iceandfire:hippogryph":1},"minecraft:used":{"minecraft:flint_and_steel":24,"minecraft:cactus":1,"minecraft:wooden_pickaxe":16,"minecraft:cut_sandstone":7,"minecraft:netherrack":8,"minecraft:golden_apple":2,"minecraft:sand":7,"minecraft:lime_bed":2,"minecraft:tnt":11,"minecraft:crafting_table":1,"iceandfire:spawn_egg_fire_dragon":1,"astralsorcery:marble_raw":4,"minecraft:cornflower":2,"minecraft:light_weighted_pressure_plate":1,"minecraft:iron_axe":71,"minecraft:bread":14,"minecraft:iron_pickaxe":34,"dynamictrees:acacia_seed":1,"minecraft:cobblestone":1,"iceandfire:dragon_skull_fire":1,"tombstone:gift":2,"minecraft:kelp":8,"minecraft:orange_terracotta":2,"minecraft:golden_pickaxe":26}},"DataVersion":2586}