{"stats":{"minecraft:mined":{"minecraft:hay_block":38,"minecraft:cut_sandstone":9,"minecraft:magma_block":2,"minecraft:stone_pressure_plate":1,"minecraft:blue_terracotta":1,"minecraft:orange_terracotta":2,"minecraft:tnt":10,"minecraft:cornflower":3,"dynamictrees:acacia_leaves":1,"minecraft:grass":49,"minecraft:chest":4,"minecraft:dead_bush":3,"minecraft:sand":27,"minecraft:tall_grass":13,"minecraft:stone":1,"minecraft:netherrack":12,"minecraft:sugar_cane":3,"minecraft:sandstone":5},"minecraft:dropped":{"minecraft:dirt":112,"minecraft:blue_terracotta":1,"minecraft:sandstone":14,"minecraft:wooden_pickaxe":1},"minecraft:custom":{"minecraft:time_since_rest":11096,"minecraft:sprint_one_cm":58061,"minecraft:damage_taken":500,"minecraft:walk_one_cm":38513,"minecraft:drop":5,"minecraft:damage_dealt":506,"minecraft:player_kills":1,"minecraft:interact_with_cartography_table":1,"minecraft:swim_one_cm":2686,"minecraft:interact_with_crafting_table":9,"minecraft:talked_to_villager":2,"minecraft:fly_one_cm":121808,"minecraft:open_chest":5,"minecraft:crouch_one_cm":483,"minecraft:play_one_minute":19968,"minecraft:deaths":2,"minecraft:bell_ring":1,"minecraft:sneak_time":277,"minecraft:walk_under_water_one_cm":607,"minecraft:jump":531,"minecraft:walk_on_water_one_cm":1124,"minecraft:time_since_death":11297,"minecraft:sleep_in_bed":1,"minecraft:fall_one_cm":18010},"minecraft:broken":{"minecraft:golden_pickaxe":1},"minecraft:picked_up":{"minecraft:wheat":8,"minecraft:stick":19,"minecraft:sandstone":14,"minecraft:cut_sandstone":7,"minecraft:wooden_pickaxe":1,"minecraft:acacia_log":3,"minecraft:sand":22,"dynamictrees:acacia_seed":12,"minecraft:dirt":128,"minecraft:cornflower":3,"minecraft:stone_pressure_plate":1,"minecraft:tnt":10,"minecraft:orange_terracotta":2,"minecraft:blue_terracotta":1,"minecraft:wheat_seeds":6,"minecraft:hay_block":38,"minecraft:chest":4,"minecraft:sugar_cane":8,"minecraft:netherrack":9,"minecraft:cobblestone":1},"minecraft:crafted":{"minecraft:iron_axe":1,"minecraft:crafting_table":1,"minecraft:wooden_pickaxe":1,"minecraft:iron_ingot":4,"minecraft:iron_pickaxe":1,"minecraft:acacia_planks":12,"minecraft:bread":108,"minecraft:wheat":320},"minecraft:killed_by":{"minecraft:husk":2},"minecraft:used":{"minecraft:cornflower":2,"minecraft:bread":3,"minecraft:iron_pickaxe":27,"minecraft:wooden_pickaxe":14,"dynamictrees:acacia_seed":1,"minecraft:cut_sandstone":6,"minecraft:netherrack":8,"minecraft:sand":1,"minecraft:cobblestone":1,"minecraft:tnt":5,"minecraft:crafting_table":1,"tombstone:gift":2,"minecraft:orange_terracotta":2,"minecraft:golden_pickaxe":26}},"DataVersion":2586}