{"stats":{"minecraft:mined":{"minecraft:grass":48,"minecraft:dead_bush":2,"minecraft:sand":17,"minecraft:tall_grass":13,"minecraft:stone":1,"minecraft:netherrack":8,"minecraft:sugar_cane":3,"minecraft:cornflower":3},"minecraft:custom":{"minecraft:open_chest":1,"minecraft:time_since_rest":698,"minecraft:play_one_minute":7968,"minecraft:deaths":1,"minecraft:sprint_one_cm":27169,"minecraft:damage_taken":200,"minecraft:walk_one_cm":13116,"minecraft:sneak_time":8,"minecraft:bell_ring":1,"minecraft:walk_under_water_one_cm":184,"minecraft:jump":261,"minecraft:damage_dealt":389,"minecraft:time_since_death":1399,"minecraft:walk_on_water_one_cm":416,"minecraft:sleep_in_bed":1,"minecraft:talked_to_villager":1,"minecraft:interact_with_crafting_table":1,"minecraft:fly_one_cm":65426,"minecraft:swim_one_cm":219,"minecraft:fall_one_cm":9202},"minecraft:picked_up":{"minecraft:stick":5,"minecraft:wheat_seeds":6,"minecraft:acacia_log":2,"minecraft:sand":16,"dynamictrees:acacia_seed":2,"minecraft:netherrack":8,"minecraft:sugar_cane":8,"minecraft:cornflower":3,"minecraft:cobblestone":1},"minecraft:crafted":{"minecraft:acacia_planks":8,"minecraft:crafting_table":1,"minecraft:wooden_pickaxe":1},"minecraft:killed_by":{"minecraft:husk":1},"minecraft:used":{"minecraft:netherrack":6,"minecraft:cornflower":2,"minecraft:crafting_table":1,"tombstone:gift":2,"minecraft:wooden_pickaxe":14,"dynamictrees:acacia_seed":1,"minecraft:golden_pickaxe":4}},"DataVersion":2586}