{"stats":{"minecraft:mined":{"minecraft:crafting_table":1,"minecraft:grass":4,"minecraft:grass_block":1,"minecraft:tall_grass":3},"minecraft:dropped":{"minecraft:hay_block":2,"minecraft:wheat":4,"minecraft:cut_sandstone":1,"minecraft:acacia_log":8},"minecraft:custom":{"minecraft:time_since_rest":435,"minecraft:sprint_one_cm":35787,"minecraft:damage_taken":568,"minecraft:walk_one_cm":19297,"minecraft:mob_kills":2,"minecraft:drop":11,"minecraft:damage_dealt":395,"minecraft:swim_one_cm":3657,"minecraft:interact_with_crafting_table":2,"minecraft:fly_one_cm":50948,"minecraft:crouch_one_cm":622,"minecraft:play_one_minute":13169,"tombstone:undead_killed":1,"minecraft:deaths":2,"minecraft:sneak_time":339,"minecraft:walk_under_water_one_cm":836,"minecraft:jump":256,"minecraft:leave_game":1,"minecraft:walk_on_water_one_cm":1394,"minecraft:time_since_death":1290,"minecraft:fall_one_cm":8040},"minecraft:killed":{"minecraft:zombie":1,"minecraft:creeper":1},"minecraft:picked_up":{"minecraft:stick":16,"minecraft:crafting_table":1,"minecraft:wheat":4,"minecraft:cut_sandstone":7,"minecraft:acacia_log":19,"dynamictrees:acacia_seed":4,"minecraft:gunpowder":2,"minecraft:dirt":3,"minecraft:orange_terracotta":1,"minecraft:blue_terracotta":1,"minecraft:rotten_flesh":2,"minecraft:hay_block":4},"minecraft:crafted":{"minecraft:crafting_table":1,"minecraft:wooden_axe":1,"minecraft:acacia_planks":44,"minecraft:bread":6,"minecraft:wheat":18},"minecraft:killed_by":{"minecraft:player":2},"minecraft:used":{"minecraft:wooden_axe":13,"minecraft:bread":2,"dynamictrees:acacia_seed":2,"minecraft:cut_sandstone":6,"minecraft:dirt":1,"minecraft:crafting_table":2,"tombstone:gift":2}},"DataVersion":2586}