{"stats":{"minecraft:mined":{"minecraft:crafting_table":1,"minecraft:grass_block":1,"minecraft:tall_grass":5,"minecraft:fire":2,"minecraft:grass":8,"minecraft:dirt":1},"minecraft:dropped":{"minecraft:blue_terracotta":1,"minecraft:iron_ingot":4,"minecraft:bread":101,"minecraft:iron_nugget":4,"minecraft:tnt":3,"minecraft:wheat":4,"astralsorcery:marble_raw":64,"minecraft:wither_skeleton_skull":1,"minecraft:acacia_log":8,"minecraft:flint_and_steel":1,"minecraft:stick":39,"astralsorcery:marble_pillar":2,"minecraft:hay_block":2,"astralsorcery:marble_runed":4,"minecraft:gunpowder":23,"minecraft:rabbit":1,"minecraft:cut_sandstone":1,"minecraft:chest":4,"mowziesmobs:wrought_helmet":1,"astralsorcery:tome":1,"mowziesmobs:earthbore_gauntlet":1,"minecraft:iron_axe":1,"minecraft:iron_pickaxe":1,"iceandfire:spawn_egg_fire_dragon":1,"astralsorcery:constellation_paper":1,"minecraft:netherrack":1,"iceandfire:dragon_skull_fire":1,"minecraft:bone":25},"minecraft:custom":{"minecraft:mob_kills":32,"minecraft:interact_with_crafting_table":2,"minecraft:play_one_minute":50073,"minecraft:leave_game":5,"minecraft:time_since_death":9783,"minecraft:time_since_rest":8798,"minecraft:sprint_one_cm":123044,"minecraft:damage_taken":3191,"minecraft:walk_one_cm":59427,"minecraft:drop":36,"minecraft:damage_dealt":5145,"tombstone:cast_on_ally":0,"minecraft:swim_one_cm":16371,"minecraft:fly_one_cm":284594,"minecraft:player_kills":2,"minecraft:open_chest":5,"minecraft:crouch_one_cm":2409,"tombstone:undead_killed":4,"minecraft:deaths":10,"minecraft:sneak_time":1141,"minecraft:walk_under_water_one_cm":5084,"tombstone:tomb_raiding":1,"minecraft:jump":894,"tombstone:kill_undead_boss":1,"minecraft:walk_on_water_one_cm":7461,"minecraft:fall_one_cm":29759},"minecraft:killed":{"minecraft:pig":8,"minecraft:spider":1,"minecraft:bat":5,"witherstormmod:wither_storm":1,"minecraft:creeper":4,"minecraft:skeleton":1,"minecraft:sheep":2,"minecraft:zombie":2,"minecraft:chicken":1,"minecraft:silverfish":4},"minecraft:picked_up":{"minecraft:wooden_axe":1,"minecraft:crafting_table":1,"minecraft:wheat":4,"minecraft:leather_chestplate":1,"astralsorcery:marble_pillar":4,"minecraft:feather":16,"minecraft:leather_leggings":1,"minecraft:cut_sandstone":7,"minecraft:leather":6,"minecraft:potato":5,"minecraft:filled_map":1,"minecraft:gunpowder":2,"tombstone:voodoo_poppet":1,"minecraft:dirt":4,"minecraft:paper":10,"minecraft:flint_and_steel":1,"minecraft:orange_terracotta":2,"astralsorcery:marble_runed":8,"minecraft:acacia_planks":4,"minecraft:rabbit_hide":1,"blockarmor:command_block_leggings":1,"minecraft:rabbit":1,"minecraft:bamboo":2,"astralsorcery:marble_raw":86,"minecraft:soul_sand":2,"tombstone:scroll_of_lightning_resistance":1,"minecraft:stick":17,"minecraft:sandstone":29,"iceandfire:dragonbone":78,"astralsorcery:marble_arch":1,"minecraft:acacia_log":19,"iceandfire:dragon_skull_fire":5,"minecraft:sand":303,"dynamictrees:acacia_seed":4,"minecraft:carrot":4,"minecraft:stone_pressure_plate":1,"astralsorcery:tome":2,"astralsorcery:marble_chiseled":2,"minecraft:blue_terracotta":2,"minecraft:rotten_flesh":3,"minecraft:lever":1,"minecraft:hay_block":4,"tombstone:scroll_of_aquatic_life":1,"tombstone:magic_scroll":2,"minecraft:netherrack":2},"minecraft:crafted":{"minecraft:crafting_table":1,"minecraft:bread":6,"minecraft:wooden_axe":1,"minecraft:acacia_planks":44,"minecraft:wheat":18},"minecraft:killed_by":{"minecraft:player":6,"minecraft:skeleton":1,"minecraft:creeper":1,"iceandfire:hippogryph":2},"minecraft:used":{"tombstone:scroll_of_lightning_resistance":4,"decocraft:stuffed_creeper":1,"astralsorcery:marble_chiseled":1,"minecraft:wither_skeleton_skull":10,"minecraft:flint_and_steel":3,"minecraft:sandstone":1,"minecraft:cut_sandstone":6,"minecraft:soul_sand":5,"minecraft:dirt":2,"minecraft:sand":25,"minecraft:crafting_table":2,"minecraft:carrot":4,"witherstormmod:formidibomb":2,"minecraft:milk_bucket":1,"minecraft:lever":2,"minecraft:wooden_axe":20,"minecraft:command_block":3,"minecraft:bread":2,"dynamictrees:acacia_seed":2,"iceandfire:dragon_skull_fire":3,"tombstone:gift":6,"minecraft:orange_terracotta":1,"minecraft:acacia_planks":4}},"DataVersion":2586}