{"stats":{"minecraft:mined":{"minecraft:crafting_table":1,"minecraft:grass_block":1,"minecraft:tall_grass":5,"minecraft:fire":2,"minecraft:grass":8,"minecraft:dirt":1},"minecraft:dropped":{"minecraft:blue_terracotta":1,"minecraft:iron_ingot":4,"minecraft:bread":101,"minecraft:iron_nugget":4,"minecraft:tnt":3,"minecraft:wheat":4,"astralsorcery:marble_raw":64,"minecraft:acacia_log":8,"minecraft:flint_and_steel":1,"minecraft:stick":39,"astralsorcery:marble_pillar":2,"minecraft:hay_block":2,"astralsorcery:marble_runed":4,"minecraft:gunpowder":23,"minecraft:rabbit":1,"minecraft:cut_sandstone":1,"minecraft:chest":4,"astralsorcery:tome":1,"minecraft:iron_axe":1,"minecraft:iron_pickaxe":1,"iceandfire:spawn_egg_fire_dragon":1,"astralsorcery:constellation_paper":1,"minecraft:netherrack":1,"iceandfire:dragon_skull_fire":1,"minecraft:bone":25},"minecraft:custom":{"minecraft:mob_kills":3,"minecraft:interact_with_crafting_table":2,"minecraft:play_one_minute":33851,"minecraft:leave_game":3,"minecraft:time_since_death":2548,"minecraft:time_since_rest":2393,"minecraft:sprint_one_cm":109562,"minecraft:damage_taken":2831,"minecraft:walk_one_cm":43862,"minecraft:drop":33,"minecraft:damage_dealt":1091,"minecraft:swim_one_cm":13335,"minecraft:fly_one_cm":200203,"minecraft:player_kills":2,"minecraft:open_chest":5,"minecraft:crouch_one_cm":1193,"tombstone:undead_killed":2,"minecraft:deaths":9,"minecraft:sneak_time":535,"minecraft:walk_under_water_one_cm":3309,"tombstone:tomb_raiding":1,"minecraft:jump":811,"minecraft:walk_on_water_one_cm":5299,"minecraft:fall_one_cm":28654},"minecraft:killed":{"minecraft:creeper":1,"minecraft:zombie":2},"minecraft:picked_up":{"minecraft:wooden_axe":1,"minecraft:crafting_table":1,"minecraft:wheat":4,"minecraft:leather_chestplate":1,"astralsorcery:marble_pillar":4,"minecraft:feather":13,"minecraft:leather_leggings":1,"minecraft:cut_sandstone":7,"minecraft:leather":6,"minecraft:potato":5,"minecraft:filled_map":1,"minecraft:gunpowder":2,"minecraft:dirt":4,"minecraft:paper":10,"astralsorcery:marble_runed":8,"minecraft:flint_and_steel":1,"minecraft:orange_terracotta":2,"minecraft:acacia_planks":4,"minecraft:rabbit_hide":1,"minecraft:rabbit":1,"minecraft:bamboo":2,"astralsorcery:marble_raw":86,"minecraft:stick":17,"minecraft:sandstone":29,"iceandfire:dragonbone":78,"astralsorcery:marble_arch":1,"minecraft:acacia_log":19,"iceandfire:dragon_skull_fire":5,"minecraft:sand":303,"dynamictrees:acacia_seed":4,"minecraft:carrot":4,"minecraft:stone_pressure_plate":1,"astralsorcery:tome":2,"astralsorcery:marble_chiseled":2,"minecraft:blue_terracotta":2,"minecraft:rotten_flesh":3,"minecraft:hay_block":4,"tombstone:magic_scroll":1,"minecraft:netherrack":2},"minecraft:crafted":{"minecraft:crafting_table":1,"minecraft:bread":6,"minecraft:wooden_axe":1,"minecraft:acacia_planks":44,"minecraft:wheat":18},"minecraft:killed_by":{"minecraft:player":5,"minecraft:skeleton":1,"minecraft:creeper":1,"iceandfire:hippogryph":2},"minecraft:used":{"astralsorcery:marble_chiseled":1,"minecraft:flint_and_steel":3,"minecraft:sandstone":1,"minecraft:cut_sandstone":6,"minecraft:dirt":2,"minecraft:sand":25,"minecraft:crafting_table":2,"minecraft:carrot":1,"minecraft:wooden_axe":20,"minecraft:bread":2,"dynamictrees:acacia_seed":2,"iceandfire:dragon_skull_fire":2,"tombstone:gift":2,"minecraft:acacia_planks":4,"minecraft:orange_terracotta":1}},"DataVersion":2586}